Gender,Distance,Province,Age,Tenure,Employment Status,Student,School,Q - Other Languages ,Hours Volunteered in 2015
0,16.49,Ontario,96,5,Student,1,Humber College,Mandarin,0
0,6.66,Ontario,77,1,Retired,0,,English Only,0
,0.93,Ontario,77,14,Student,1,,English Only,61
1,0,Ontario,76,8,,0,,Norwegian,61
0,3.93,Ontario,76,13,Retired,0,,Cantonese,136
,4.46,Ontario,73,13,,0,,English Only,60.5
,2.02,Ontario,73,8,,0,,English Only,69
,3.98,Ontario,70,25,Retired,0,,French,65.75
0,0,Ontario,69,1,Retired,0,,English Only,2
,0,Ontario,67,8,Employed,0,,Italian,38.5
1,0.93,Ontario,66,3,,0,,English Only,62.5
,2.02,Ontario,66,2,Student,1,,English Only,12.5
,0.93,Ontario,66,10,,0,,English Only,144.3
1,2.93,Ontario,65,4,,0,,English Only,288.25
0,1.856,Ontario,65,1,Employed,0,,English Only,0
1,1.118,Ontario,64,1,Employed,0,,Spanish,19
1,23.4,Ontario,63,13,,0,,English Only,42.5
,14.36,Ontario,63,6,Employed,0,,Cantonese,88
0,25.16,Ontario,62,6,Employed,0,,English Only,221
0,8.09,Ontario,62,6,Retired,0,,French,37
0,4.51,Ontario,62,6,Employed,0,,English Only,19
,2.75,Ontario,61,27,,0,,English Only,208.5
0,15.83,Ontario,59,6,Unemployed,0,,English Only,52
1,0.84,Ontario,57,1,Employed,0,,English Only,2
1,3.1,Ontario,57,2,Employed,0,,English Only,18.5
0,29.77,Ontario,57,1,Unemployed,0,,English Only,7
0,1.45,Ontario,57,1,,0,,English Only,18.5
0,0,Ontario,56,2,Unemployed,0,,Korean,6
0,4.58,Ontario,55,1,Retired,0,,English Only,0
0,5.38,Ontario,54,2,Employed,0,,English Only,0
0,2.75,Ontario,54,7,Employed,0,,German,37.5
1,9.04,Ontario,52,3,Student,1,York University,Portuguese,13.5
,2.75,Ontario,52,2,Employed,0,,Hindi,16.5
1,6.78,Ontario,48,1,Employed,0,,English Only,42.5
0,5.38,Ontario,46,1,Employed,0,,English Only,0
0,16.42,Ontario,45,2,Employed,0,,English Only,6.5
0,0,Ontario,45,1,Employed,0,,English Only,64
,29.504,Ontario,44,2,Employed,0,,English Only,61
1,5.34,Ontario,41,2,Employed,0,,English Only,9.5
1,4.58,Ontario,38,1,Unemployed,0,,English Only,0
,0.93,Ontario,38,7,Employed,0,,French,8
0,16.84,Ontario,37,1,Student,1,Secena College,English Only,14.5
0,7.93,Ontario,37,1,Student,1,,Farsi,25
0,9.04,Ontario,37,1,Employed,0,,English Only,22.5
0,0.93,Ontario,36,3,Employed,0,,Hindi,0
1,7.41,Ontario,35,3,Unemployed,0,,Tagalog,14
0,16.23,Ontario,35,1,Student,1,York University,Hindi,6.5
0,13.67,Ontario,35,2,Employed,0,,Italian,0
0,25.16,Ontario,34,1,Unemployed,0,,Farsi,10.5
0,0,Ontario,33,1,Employed,0,,Romanian,17.5
0,18.323,Ontario,33,1,Employed,0,,English Only,0
,1.8,Ontario,33,3,Student,1,,English Only,45
1,36.39,Ontario,32,2,Employed,0,,English Only,0
1,42.85,Ontario,32,1,Employed,0,,Hindi,2
1,10.21,Ontario,32,1,Employed,0,,Farsi,24.5
0,0.93,Ontario,32,3,Employed,0,,English Only,10
0,7.41,Ontario,32,5,Employed,0,,Spanish,0
0,4.58,Ontario,32,1,Student,1,George Brown College,English Only,2
,16.42,Ontario,32,1,Employed,0,,Farsi,2
,16.42,Ontario,32,7,Student,1,Queens University,Cantonese,0
1,16.49,Ontario,31,1,Employed,0,,French,12
1,14.36,Ontario,31,1,Unemployed,0,,English Only,40
0,27.5,Ontario,31,2,Student,1,University of Toronto,Russian,5.5
0,27.92,Ontario,31,4,Employed,0,,English Only,0
0,2.02,Ontario,31,1,Employed,0,,English Only,0
1,16.42,Ontario,30,1,Student,1,,English Only,0
1,2.75,Ontario,30,1,Employed,0,,Hindi,62
0,15.23,Ontario,30,2,Employed,0,,English Only,49
0,10.21,Ontario,30,2,Employed,0,,Spanish,0
0,2.75,Ontario,30,1,Employed,0,,Hindi,5.5
0,2.65,Ontario,30,1,Employed,0,,Portuguese,0
0,0.93,Ontario,30,2,Employed,0,,English Only,36
0,10.74,Ontario,30,1,Employed,0,,English Only,0
,44.85,Ontario,30,7,Student,1,Secena College,Urdu,0
0,8.63,Ontario,29,1,Employed,0,,Korean,22.5
0,2.02,Ontario,29,1,Student,1,George Brown College,English Only,2
0,0.93,Ontario,29,2,Student,1,OCAD,English Only,254
0,5.01,Ontario,29,1,Student,1,,English Only,2
0,10.86,Ontario,29,4,Unemployed,0,,Spanish,3
1,10.96,Ontario,28,1,Unemployed,0,,English Only,0
1,0.93,Ontario,28,2,Employed,0,,Spanish,15.5
1,4.58,Ontario,28,1,Student,1,University of Toronto,English Only,16
0,7.85,Ontario,28,2,Employed,0,,Polish,0
0,0,Ontario,28,1,Student,1,,Hindi,36
,21.2,Ontario,28,1,Student,1,,Polish,20
,16.84,Ontario,28,1,Student,1,York University,English Only,2
,5.25,Ontario,28,1,Student,1,George Brown College,Polish,0
1,19.8,Ontario,27,4,Student,1,York University,Hindi,61.5
0,14.42,Ontario,27,1,Student,1,Centennial College,English Only,68.5
0,14.36,Ontario,27,1,Student,1,High School,Korean,6.5
0,3.93,Ontario,27,1,Student,1,George Brown College,Korean,0
0,0,Ontario,27,1,Employed,0,,English Only,2
0,7.41,Ontario,27,2,Unemployed,0,,German,0
,11.26,Ontario,27,1,Student,1,,English Only,0
1,20.48,Ontario,26,1,Student,1,Humber College,Hindi,7
0,18.14,Ontario,26,3,Student,1,Seneca College,Cantonese,5.5
0,1.45,Ontario,26,2,,0,,Urdu,0
0,5.01,Ontario,26,1,Unemployed,0,,English Only,17.5
,15.12,Ontario,26,1,Student,1,George Brown College,English Only,0
1,14.36,Ontario,25,1,Employed,0,,English Only,0
0,86.52,Ontario,25,1,Employed,0,,English Only,0
0,4.58,Ontario,25,2,Student,1,Ryerson University,English Only,0
0,9.44,Ontario,25,1,Student,1,,English Only,2
,0,Ontario,25,1,Student,1,York University,English Only,2
,10.86,Ontario,25,2,,0,,Hindi,0
1,23.4,Ontario,24,3,,0,,English Only,0
1,14.42,Ontario,24,1,Employed,0,,English Only,33
1,5.01,Ontario,24,2,Student,1,UOIT,Vietnamese,0
0,23.8,Ontario,24,1,Employed,0,,English Only,13.5
0,19.47,Ontario,24,1,Employed,0,,Spanish,0
0,2.846,Ontario,24,1,Student,1,University of Toronto,Mandarin,41.5
0,0.93,Ontario,24,1,Student,1,University of Toronto,Mandarin,26.5
,16.57,Ontario,24,1,Student,1,Seneca College,English Only,8
,8.09,Ontario,24,3,Student,1,Ryerson University,English Only,0
1,14.42,Ontario,23,1,Student,1,High School,English Only,6.5
0,41.53,Ontario,23,1,Student,1,,French,0
0,15.83,Ontario,23,2,Student,1,OCAD,Urdu,10.5
0,14.42,Ontario,23,1,Employed,0,,Tagalog,0
0,16.23,Ontario,23,1,Student,1,York University,Mandarin,39.5
1,24.06,Ontario,22,1,Student,1,Ryerson University,English Only,0
0,53.73,Ontario,22,1,Unemployed,0,,English Only,11
0,22.26,Ontario,22,1,,0,,English Only,2
0,19.47,Ontario,22,1,Student,1,Centennial College,English Only,10.5
0,16.42,Ontario,22,2,Student,1,High School,English Only,0
0,14.36,Ontario,22,1,Student,1,York University,English Only,11
0,14.36,Ontario,22,3,Student,1,University of Toronto,Spanish,4
0,14.36,Ontario,22,1,Student,1,,English Only,8.5
0,16.84,Ontario,22,2,Student,1,University of Toronto,English Only,0
0,2.75,Ontario,22,1,Student,1,High School,Korean,16
0,10.873,Ontario,22,1,Student,1,York University,Korean,8
0,927.65,Ontario,22,1,Student,1,Lakehead University,English Only,0
,21.5,Ontario,22,2,Employed,0,,Japanese,0
,21.5,Ontario,22,1,Student,1,University of Toronto,Cantonese,30.5
,16.23,Ontario,22,1,Student,1,York University,English Only,2
,8.63,Ontario,22,3,Student,1,High School,Spanish,0
1,19.8,Ontario,21,1,Student,1,University of Toronto,Mandarin,13
1,16.23,Ontario,21,1,Student,1,York University,Hindi,0
0,21.2,Ontario,21,1,Student,1,Humber College,English Only,0
0,21.5,Ontario,21,2,Student,1,Centennial College,Mandarin,0
0,25.788,Ontario,21,1,Student,1,Secena College,Mandarin,66
0,13.51,Ontario,21,1,Student,1,George Brown College,Spanish,5.5
0,1.39,Ontario,21,1,Student,1,University of Toronto,Mandarin,29.5
,24.06,Ontario,21,1,Student,1,York University,Cantonese,0
,22.26,Ontario,21,1,Student,1,,English Only,68
,5.38,Ontario,21,2,Employed,0,,Portuguese,7
,1.8,Ontario,21,2,Student,1,University of Toronto,Mandarin,23.5
,3.1,Ontario,21,1,Student,1,Ryerson University,English Only,24
1,16.23,Ontario,20,1,Student,1,York University,Ukrainian,33
0,23.23,Ontario,20,1,Student,1,,French,17
0,27.5,Ontario,20,2,Student,1,High School,English Only,0
0,28.46,Ontario,20,1,Student,1,Ryerson University,Cantonese,0
0,28.46,Ontario,20,1,Employed,0,,English Only,0
0,31.1,Ontario,20,1,Student,1,George Brown College,English Only,0
0,13.51,Ontario,20,1,Student,1,,Korean,27
0,13.51,Ontario,20,1,Student,1,York University,English Only,0
0,4.46,Ontario,20,1,Student,1,York University,English Only,12
0,1.39,Ontario,20,1,Student,1,University of Toronto,Mandarin,35
,23.23,Ontario,20,1,Student,1,University of Waterloo,English Only,20
,16.57,Ontario,20,1,Student,1,University of Waterloo,English Only,30
1,14.36,Ontario,19,2,Student,1,High School,English Only,0
1,7.41,Ontario,19,1,Student,1,High School,Cantonese,2
0,22.26,Ontario,19,1,Student,1,George Brown College,English Only,0
0,14.42,Ontario,19,1,Student,1,Ryerson University,English Only,6
0,14.42,Ontario,19,1,Student,1,High School,English Only,0
0,15.75,Ontario,19,2,Student,1,High School,English Only,4.5
0,19.24,Ontario,19,2,Student,1,High School,English Only,0
0,13.51,Ontario,19,2,Student,1,High School,French,0
0,1.118,Ontario,19,2,Student,1,High School,English Only,6.5
0,9.44,Ontario,19,2,Student,1,High School,Spanish,0
0,9.44,Ontario,19,2,Student,1,High School,Spanish,0
0,20.48,Ontario,19,1,Student,1,High School,English Only,38.5
,7.76,Ontario,19,1,Student,1,High School,English Only,20.5
,0.93,Ontario,19,1,Student,1,High School,English Only,32
,9.44,Ontario,19,1,Student,1,High School,English Only,2
1,16.57,Ontario,18,1,Student,1,High School,Mandarin,2
1,6.56,Ontario,18,1,Student,1,High School,English Only,2
1,6.56,Ontario,18,1,Student,1,High School,English Only,11
1,6.56,Ontario,18,1,Student,1,High School,English Only,6.5
1,9.44,Ontario,18,1,Student,1,High School,English Only,49
0,38,Ontario,18,1,Student,1,High School,French,8.5
0,23.4,Ontario,18,1,Student,1,High School,English Only,31
0,15.75,Ontario,18,2,Student,1,High School,English Only,7.5
0,22.722,Ontario,18,2,Student,1,High School,Cantonese,9.5
0,12.98,Ontario,18,1,Student,1,High School,Spanish,23
0,14.68,Ontario,18,1,Student,1,High School,Spanish,5
0,16.84,Ontario,18,1,Student,1,,English Only,30
0,7.18,Ontario,18,1,Student,1,High School,English Only,15.5
0,4.46,Ontario,18,1,Student,1,High School,English Only,0
0,2.02,Ontario,18,1,Student,1,High School,English Only,0
0,9.44,Ontario,18,2,Student,1,High School,Vietnamese,11.5
,30.69,Ontario,18,1,Student,1,,English Only,0
,42.6,Ontario,18,1,Student,1,High School,English Only,2
,19.24,Ontario,18,1,Student,1,High School,Mandarin,26
,4.46,Ontario,18,2,Student,1,High School,English Only,0
,13.67,Ontario,18,1,Student,1,High School,English Only,0
1,28.47,Ontario,17,1,Student,1,High School,English Only,2
0,15.83,Ontario,17,1,Student,1,High School,French,0
0,18.14,Ontario,17,1,Student,1,,English Only,0
0,12.9,Ontario,17,1,Student,1,High School,English Only,69
,16.57,Ontario,17,1,Student,1,,English Only,35.5
,16.78,Ontario,17,1,Student,1,High School,English Only,0
,6.66,Ontario,17,1,Student,1,High School,English Only,2
1,21.5,Ontario,16,1,Student,1,,Mandarin,0
0,25.16,Ontario,16,1,Student,1,High School,English Only,0
0,10.86,Ontario,16,1,Student,1,,Tagalog,0
0,16.49,Ontario,15,1,Student,1,High School,English Only,0
1,29.95,Ontario,,2,Student,1,High School,English Only,0
1,21.88,Ontario,,1,Employed,0,,English Only,0
1,24.06,Ontario,,1,Student,1,High School,English Only,0
1,41.12,Ontario,,1,Employed,0,,English Only,0
1,32.22,Ontario,,1,Student,1,High School,English Only,0
1,41.53,Ontario,,1,Student,1,,English Only,0
1,41.53,Ontario,,6,Retired,0,,English Only,10
1,40.701,Ontario,,1,Student,1,York University,English Only,2
1,17.74,Ontario,,1,Student,1,High School,English Only,0
1,19.45,Ontario,,1,Employed,0,,English Only,2
1,21.2,Ontario,,1,Student,1,Ryerson University,English Only,0
1,18.1,Ontario,,1,Student,1,,English Only,2
1,21.55,Ontario,,5,Employed,0,,Tagalog,66.5
1,28.5,Ontario,,1,Student,1,University of Toronto,English Only,0
1,25.79,Ontario,,1,Student,1,,English Only,0
1,23.8,Ontario,,1,Employed,0,,English Only,2
1,34.29,Ontario,,1,Student,1,Queens University,English Only,0
1,31.1,Ontario,,1,Student,1,University of Toronto,English Only,0
1,31.26,Ontario,,1,Employed,0,,English Only,39
1,42.6,Ontario,,1,Student,1,George Brown College,English Only,0
1,30.13,Ontario,,1,Student,1,,English Only,0
1,46.09,Ontario,,1,Employed,0,,English Only,2
1,42.85,Ontario,,1,Employed,0,,English Only,6.5
1,23.4,Ontario,,4,Student,1,Centennial College,English Only,170.5
1,23.4,Ontario,,1,Student,1,,English Only,35
1,24.16,Ontario,,1,Student,1,University of Toronto,English Only,4.5
1,24.16,Ontario,,1,Student,1,University of Toronto,Arabic,11
1,19.8,Ontario,,1,Student,1,High School,English Only,2
1,19.8,Ontario,,1,Unemployed,0,,English Only,0
1,15.83,Ontario,,1,Student,1,Centennial College,English Only,0
1,14.42,Ontario,,1,Employed,0,,English Only,0
1,14.42,Ontario,,1,Student,1,High School,English Only,17.5
1,14.42,Ontario,,1,Employed,0,,English Only,0
1,14.42,Ontario,,1,Student,1,Secena College,English Only,0
1,10.77,Ontario,,1,Employed,0,,Urdu,0
1,10.77,Ontario,,1,Employed,0,,English Only,21
1,10.96,Ontario,,1,Employed,0,,English Only,0
1,10.96,Ontario,,1,Unemployed,0,,English Only,75.5
1,15.75,Ontario,,1,Student,1,University of Toronto,English Only,5.5
1,13.67,Ontario,,4,Employed,0,,Arabic,17
1,13.67,Ontario,,1,Student,1,Ryerson University,English Only,0
1,19.24,Ontario,,1,Employed,0,,English Only,2
1,18.14,Ontario,,1,Student,1,High School,English Only,40.5
1,18.14,Ontario,,1,Student,1,University of Toronto,Mandarin,24.5
1,24.93,Ontario,,1,Student,1,Secena College,French,0
1,16.42,Ontario,,1,Employed,0,,English Only,0
1,16.42,Ontario,,1,Employed,0,,English Only,0
1,15.23,Ontario,,1,Student,1,High School,English Only,0
1,15.23,Ontario,,1,Student,1,Everest College,English Only,0
1,16.49,Ontario,,1,Employed,0,,English Only,0
1,16.49,Ontario,,1,Student,1,Carleton University,English Only,0
1,14.36,Ontario,,1,Student,1,Secena College,English Only,0
1,14.36,Ontario,,1,Employed,0,,English Only,23.5
1,16.78,Ontario,,1,Student,1,High School,English Only,0
1,16.78,Ontario,,2,Student,1,University of Toronto,English Only,0
1,13.51,Ontario,,1,Employed,0,,English Only,2
1,10.21,Ontario,,1,Employed,0,,English Only,19
1,12.98,Ontario,,2,Employed,0,,Italian,70
1,16.23,Ontario,,1,Student,1,York University,English Only,0
1,13.25,Ontario,,1,,0,,English Only,0
1,16.84,Ontario,,1,Employed,0,,English Only,0
1,11.05,Ontario,,1,Student,1,Secena College,Urdu,0
1,7.85,Ontario,,1,Employed,0,,English Only,11.5
1,7.85,Ontario,,1,Employed,0,,English Only,0
1,7.85,Ontario,,1,Employed,0,,English Only,0
1,7.85,Ontario,,1,Student,1,Seneca College,English Only,14
1,7.85,Ontario,,2,Student,1,High School,Hindi,0
1,7.85,Ontario,,1,Student,1,,English Only,0
1,7.85,Ontario,,1,Employed,0,,English Only,28.5
1,7.18,Ontario,,1,Employed,0,,English Only,0
1,5.38,Ontario,,4,Student,1,Secena College,English Only,3
1,5.38,Ontario,,1,Student,1,Ryerson University,English Only,0
1,5.38,Ontario,,1,Employed,0,,English Only,2
1,9.58,Ontario,,1,Student,1,,English Only,19
1,6.78,Ontario,,1,,0,,English Only,18.75
1,6.78,Ontario,,1,Student,1,High School,English Only,0
1,6.78,Ontario,,1,Retired,0,,English Only,13.5
1,5.25,Ontario,,1,Employed,0,,English Only,0
1,5.25,Ontario,,1,Employed,0,,English Only,6.5
1,2.93,Ontario,,1,Student,1,,English Only,0
1,2.93,Ontario,,1,Student,1,,English Only,6
1,2.93,Ontario,,1,Student,1,George Brown College,English Only,10
1,2.75,Ontario,,1,Student,1,University of Toronto,English Only,11.5
1,2.75,Ontario,,1,Student,1,University of Toronto,English Only,0
1,2.02,Ontario,,2,Employed,0,,Russian,0
1,1.45,Ontario,,2,Student,1,Ryerson University,English Only,0
1,0.7,Ontario,,1,Student,1,,English Only,0
1,2.461,Ontario,,2,Student,1,George Brown College,English Only,0
1,0,Ontario,,1,Employed,0,,English Only,2
1,5.628,Ontario,,1,Employed,0,,English Only,0
1,0,Ontario,,1,Retired,0,,English Only,17.5
1,0,Ontario,,8,,0,,English Only,0
1,0,Ontario,,1,Employed,0,,English Only,43
1,0,Ontario,,1,Employed,0,,English Only,0
1,0,Ontario,,6,Employed,0,,Hindi,19
1,0,Ontario,,1,Student,1,High School,English Only,103.5
1,10.43,Ontario,,1,Employed,0,,English Only,0
1,8.29,Ontario,,1,Student,1,George Brown College,English Only,0
1,3.98,Ontario,,1,Student,1,University of Toronto,Hindi,18
1,3.98,Ontario,,1,Student,1,University of Toronto,Hindi,30.5
1,2.65,Ontario,,1,Employed,0,,English Only,0
1,2.65,Ontario,,1,Employed,0,,French,11
1,1.8,Ontario,,1,Student,1,University of Toronto,Tagalog,0
1,1.8,Ontario,,1,Student,1,High School,English Only,0
1,1.8,Ontario,,1,Employed,0,,Portuguese,0
1,1.8,Ontario,,1,Unemployed,0,,English Only,0
1,1.8,Ontario,,1,Student,1,,English Only,0
1,10.873,Ontario,,1,Employed,0,,English Only,0
1,0.93,Ontario,,1,Employed,0,,English Only,0
1,0.93,Ontario,,1,Employed,0,,English Only,2
1,0.93,Ontario,,1,Employed,0,,English Only,0
1,0.93,Ontario,,1,Employed,0,,English Only,18
1,0.93,Ontario,,1,Student,1,,English Only,9.5
1,0.93,Ontario,,1,Student,1,High School,Korean,0
1,0.93,Ontario,,1,Employed,0,,English Only,0
1,10.37,Ontario,,1,Student,1,High School,Spanish,19.5
1,35.105,Ontario,,1,Student,1,Centennial College,English Only,0
1,9.04,Ontario,,1,Student,1,High School,Tagalog,9.5
1,6.56,Ontario,,1,Employed,0,,English Only,29
1,7.41,Ontario,,1,Student,1,University of Toronto,English Only,0
1,7.41,Ontario,,1,Student,1,High School,English Only,14.5
1,4.51,Ontario,,1,Student,1,,English Only,0
1,5.01,Ontario,,1,Employed,0,,English Only,0
1,5.01,Ontario,,1,Employed,0,,English Only,2
1,3.1,Ontario,,3,Employed,0,,English Only,3
1,4.58,Ontario,,4,Student,1,Ryerson University,English Only,25.5
1,9.44,Ontario,,1,Student,1,Seneca College,English Only,2
1,7.34,Ontario,,1,Student,1,High School,English Only,0
1,7.34,Ontario,,1,Employed,0,,English Only,0
1,7.34,Ontario,,1,Student,1,University of Toronto,English Only,2
1,10.86,Ontario,,1,Employed,0,,English Only,0
1,10.86,Ontario,,2,Employed,0,,English Only,0
1,10.86,Ontario,,2,Unemployed,0,,Korean,0
1,10.86,Ontario,,1,Retired,0,,English Only,4
1,10.86,Ontario,,1,Employed,0,,English Only,0
1,12.38,Ontario,,1,Employed,0,,English Only,0
1,14.16,Ontario,,1,Employed,0,,English Only,0
1,14.81,Ontario,,1,Student,1,University of Toronto,English Only,65
1,15,Ontario,,1,Student,1,High School,English Only,0
1,20.48,Ontario,,1,Student,1,High School,English Only,0
1,20.48,Ontario,,1,Student,1,,English Only,0
0,46.55,Ontario,,1,Student,1,High School,English Only,0
0,49.453,Ontario,,1,Student,1,UOIT,English Only,29.5
0,83.19,Ontario,,2,Student,1,,English Only,7
0,28.39,Ontario,,1,Employed,0,,English Only,2
0,21.88,Ontario,,2,Student,1,Ryerson University,Mandarin,11
0,24.06,Ontario,,1,Student,1,,English Only,0
0,24.06,Ontario,,2,Student,1,High School,English Only,0
0,19.31,Ontario,,1,Student,1,George Brown College,English Only,0
0,19.31,Ontario,,2,Student,1,Ryerson University,English Only,9.5
0,36.235,Ontario,,1,Employed,0,,English Only,0
0,40.205,Ontario,,1,Student,1,High School,English Only,0
0,19.78,Ontario,,1,Employed,0,,English Only,18
0,19.78,Ontario,,1,Student,1,High School,English Only,0
0,19.78,Ontario,,1,Student,1,York University,English Only,0
0,19.78,Ontario,,1,Student,1,,English Only,20
0,22.5,Ontario,,1,Student,1,York University,English Only,0
0,22.5,Ontario,,1,Student,1,High School,English Only,0
0,22.5,Ontario,,1,Student,1,,English Only,0
0,28.47,Ontario,,1,Unemployed,0,,English Only,0
0,22.26,Ontario,,1,Student,1,,English Only,57.5
0,19.45,Ontario,,1,Student,1,University of Waterloo,Hindi,23.5
0,21.2,Ontario,,5,Unemployed,0,,English Only,6.5
0,21.2,Ontario,,1,Student,1,University of Toronto,English Only,14.5
0,28.5,Ontario,,1,Employed,0,,English Only,19.5
0,28.5,Ontario,,1,Student,1,High School,English Only,2
0,28.5,Ontario,,1,Employed,0,,English Only,0
0,23.8,Ontario,,1,Employed,0,,English Only,0
0,23.8,Ontario,,1,Student,1,Ryerson University,English Only,24.5
0,40.354,Ontario,,1,Student,1,High School,English Only,0
0,31.1,Ontario,,1,Employed,0,,English Only,4
0,28.65,Ontario,,1,Student,1,University of Toronto,English Only,0
0,28.65,Ontario,,1,Retired,0,,English Only,0
0,37.86,Ontario,,1,Student,1,University of Toronto,English Only,4
0,31.57,Ontario,,2,Student,1,Ryerson University,English Only,0
0,31.26,Ontario,,1,Student,1,University of Toronto,English Only,0
0,27.18,Ontario,,1,Student,1,High School,English Only,0
0,27.18,Ontario,,1,Student,1,Trebas Institute,English Only,0
0,32.89,Ontario,,1,Student,1,High School,English Only,0
0,42.6,Ontario,,2,Employed,0,,Spanish,28.5
0,30.13,Ontario,,1,Unemployed,0,,English Only,0
0,66.51,Ontario,,1,Employed,0,,English Only,0
0,73.22,Ontario,,2,Employed,0,,English Only,0
0,42.85,Ontario,,1,Student,1,High School,English Only,0
0,54.924,Ontario,,1,Employed,0,,English Only,0
0,23.4,Ontario,,4,,0,,English Only,231
0,23.4,Ontario,,1,Employed,0,,English Only,34.5
0,23.4,Ontario,,1,Employed,0,,English Only,2
0,23.4,Ontario,,1,Student,1,Humber College,English Only,0
0,23.4,Ontario,,1,Student,1,High School,English Only,0
0,23.4,Ontario,,1,Student,1,High School,English Only,0
0,23.4,Ontario,,2,Student,1,University of Toronto,French,7
0,24.16,Ontario,,1,Student,1,University of Toronto,English Only,2
0,24.16,Ontario,,1,Student,1,University of Toronto,Mandarin,30.5
0,24.16,Ontario,,1,Student,1,University of Toronto,English Only,6
0,24.16,Ontario,,1,Student,1,University of Toronto,English Only,25
0,24.16,Ontario,,2,Student,1,Western University,English Only,0
0,19.8,Ontario,,1,Employed,0,,English Only,0
0,19.8,Ontario,,2,Student,1,Ryerson University,French,2.5
0,19.8,Ontario,,1,Student,1,High School,English Only,0
0,19.8,Ontario,,1,Student,1,High School,English Only,5
0,19.8,Ontario,,1,Employed,0,,English Only,2
0,19.8,Ontario,,1,Student,1,Wilfred Laurier,English Only,8
0,19.8,Ontario,,1,Student,1,Wilfred Laurier,English Only,9
0,19.8,Ontario,,1,Employed,0,,English Only,0
0,19.47,Ontario,,2,Student,1,High School,English Only,2.5
0,19.47,Ontario,,1,Student,1,High School,English Only,0
0,19.47,Ontario,,1,Student,1,High School,English Only,0
0,19.47,Ontario,,1,Student,1,,English Only,5.5
0,30.292,Ontario,,1,Employed,0,,English Only,2
0,15.83,Ontario,,1,Student,1,University of Toronto,Tagalog,10.5
0,14.42,Ontario,,1,Student,1,,Korean,0
0,14.42,Ontario,,1,Employed,0,,English Only,0
0,14.42,Ontario,,1,Student,1,High School,English Only,19
0,14.42,Ontario,,1,Employed,0,,English Only,0
0,14.42,Ontario,,1,Student,1,Trebas Institute,English Only,2
0,14.42,Ontario,,6,Retired,0,,English Only,66
0,14.42,Ontario,,1,Student,1,University of Toronto,Mandarin,9
0,10.77,Ontario,,1,Student,1,,English Only,0
0,10.77,Ontario,,1,Student,1,,English Only,0
0,10.77,Ontario,,1,Student,1,High School,English Only,2
0,10.77,Ontario,,1,Employed,0,,English Only,0
0,10.77,Ontario,,1,Student,1,,English Only,0
0,17.162,Ontario,,1,Employed,0,,English Only,0
0,10.96,Ontario,,1,Employed,0,,English Only,0
0,10.96,Ontario,,1,Employed,0,,English Only,2
0,15.75,Ontario,,1,Student,1,,English Only,0
0,15.75,Ontario,,2,Student,1,Ryerson University,Cantonese,4
0,13.67,Ontario,,1,Student,1,Ryerson University,English Only,2
0,13.67,Ontario,,1,Student,1,University of Toronto,English Only,2
0,19.24,Ontario,,1,Employed,0,,English Only,0
0,16.57,Ontario,,1,Student,1,High School,English Only,0
0,16.57,Ontario,,2,Student,1,High School,English Only,6
0,16.57,Ontario,,1,Student,1,University of Toronto,English Only,87
0,16.57,Ontario,,2,Student,1,University of Waterloo,Mandarin,0
0,16.57,Ontario,,1,Student,1,High School,English Only,0
0,21.5,Ontario,,1,Employed,0,,Hindi,22.5
0,21.5,Ontario,,1,Student,1,University of Toronto,English Only,0
0,21.5,Ontario,,1,Student,1,High School,English Only,6
0,21.5,Ontario,,1,Student,1,,English Only,18
0,21.5,Ontario,,1,Student,1,High School,English Only,0
0,18.14,Ontario,,1,Student,1,George Brown College,English Only,2
0,18.14,Ontario,,3,Student,1,University of Ottawa,French,21
0,18.14,Ontario,,1,Student,1,Humber College,English Only,2
0,18.14,Ontario,,2,Student,1,Secena College,English Only,0
0,18.14,Ontario,,3,Student,1,High School,Mandarin,0
0,18.14,Ontario,,1,Student,1,High School,English Only,16
0,18.14,Ontario,,1,Student,1,High School,English Only,11
0,18.14,Ontario,,1,Student,1,High School,English Only,0
0,18.14,Ontario,,1,Employed,0,,English Only,17
0,18.14,Ontario,,1,Student,1,High School,Portuguese,0
0,18.14,Ontario,,2,,0,,English Only,114.5
0,24.93,Ontario,,1,Student,1,High School,English Only,0
0,17.95,Ontario,,2,Student,1,York University,English Only,0
0,17.95,Ontario,,1,Student,1,York University,English Only,0
0,17.95,Ontario,,1,Student,1,Ryerson University,English Only,0
0,17.95,Ontario,,1,Employed,0,,English Only,0
0,20.467,Ontario,,3,Student,1,High School,Mandarin,0
0,16.42,Ontario,,1,Student,1,High School,English Only,0
0,16.42,Ontario,,1,Employed,0,,English Only,6.5
0,16.42,Ontario,,1,Student,1,George Brown College,English Only,33.5
0,16.42,Ontario,,1,Student,1,Secena College,English Only,0
0,16.42,Ontario,,1,Student,1,High School,English Only,0
0,16.42,Ontario,,1,Student,1,High School,English Only,0
0,16.42,Ontario,,1,Student,1,University of Toronto,English Only,2
0,16.42,Ontario,,1,Student,1,University of Toronto,English Only,0
0,16.42,Ontario,,1,Employed,0,,English Only,0
0,21.929,Ontario,,1,Employed,0,,Mandarin,0
0,15.23,Ontario,,26,,0,,English Only,323
0,15.23,Ontario,,1,Employed,0,,English Only,0
0,15.23,Ontario,,8,,0,,English Only,50
0,16.49,Ontario,,1,Student,1,High School,English Only,0
0,16.49,Ontario,,1,Employed,0,,English Only,0
0,16.49,Ontario,,1,Employed,0,,English Only,0
0,16.49,Ontario,,1,Employed,0,,English Only,5.5
0,16.49,Ontario,,1,Student,1,McMaster University,Mandarin,65.5
0,25.259,Ontario,,1,Student,1,Secena College,English Only,2
0,25.259,Ontario,,1,Employed,0,,French,2
0,14.36,Ontario,,1,Unemployed,0,,English Only,0
0,14.36,Ontario,,1,Student,1,Secena College,English Only,0
0,14.36,Ontario,,1,Student,1,High School,English Only,2
0,14.36,Ontario,,1,Employed,0,,English Only,2
0,14.36,Ontario,,1,Unemployed,0,,English Only,34.5
0,14.36,Ontario,,1,Retired,0,,English Only,13
0,14.36,Ontario,,1,Student,1,High School,English Only,0
0,14.36,Ontario,,1,Employed,0,,Korean,10
0,14.36,Ontario,,1,Unemployed,0,,English Only,0
0,14.36,Ontario,,3,Student,1,York University,English Only,138
0,14.36,Ontario,,1,Employed,0,,English Only,0
0,16.78,Ontario,,1,Student,1,High School,English Only,20
0,16.78,Ontario,,1,Student,1,High School,English Only,0
0,13.51,Ontario,,1,Student,1,High School,English Only,0
0,13.51,Ontario,,1,Student,1,Wilfred Laurier,English Only,0
0,11.26,Ontario,,1,Student,1,High School,English Only,0
0,10.21,Ontario,,1,Student,1,McMaster University,Tagalog,0
0,10.21,Ontario,,1,Student,1,High School,Farsi,0
0,10.21,Ontario,,8,,0,,English Only,26.5
0,10.21,Ontario,,2,Employed,0,,English Only,0
0,10.21,Ontario,,1,Student,1,High School,English Only,2
0,10.21,Ontario,,1,Employed,0,,English Only,13.5
0,10.21,Ontario,,7,Unemployed,0,,English Only,14.5
0,12.98,Ontario,,1,Student,1,Kaplan School,English Only,13
0,28.956,Ontario,,1,Student,1,,English Only,35.5
0,12.98,Ontario,,1,Unemployed,0,,English Only,35.5
0,13.25,Ontario,,2,Student,1,Humber College,English Only,5
0,13.25,Ontario,,1,Employed,0,,English Only,0
0,16.84,Ontario,,1,Employed,0,,French,2
0,14.787,Ontario,,1,Student,1,High School,English Only,0
0,15.078,Ontario,,1,Student,1,,English Only,0
0,11.05,Ontario,,8,,0,,English Only,60.5
0,11.05,Ontario,,1,Employed,0,,English Only,0
0,10.257,Ontario,,1,Student,1,High School,English Only,0
0,7.85,Ontario,,1,Student,1,High School,English Only,0
0,7.85,Ontario,,1,Employed,0,,English Only,0
0,7.85,Ontario,,1,Student,1,George Brown College,English Only,0
0,7.85,Ontario,,1,Employed,0,,English Only,27
0,7.85,Ontario,,3,Retired,0,,English Only,64.5
0,7.85,Ontario,,1,Student,1,High School,English Only,0
0,7.85,Ontario,,1,Student,1,Centennial College,English Only,0
0,8.09,Ontario,,1,Retired,0,,English Only,17.5
0,7.76,Ontario,,1,Employed,0,,English Only,2
0,7.76,Ontario,,1,Student,1,University of Toronto,English Only,0
0,7.18,Ontario,,1,Student,1,University of Toronto,English Only,0
0,5.38,Ontario,,1,Employed,0,,English Only,0
0,5.38,Ontario,,1,Employed,0,,English Only,22.5
0,5.38,Ontario,,1,Student,1,George Brown College,English Only,0
0,5.38,Ontario,,1,Student,1,High School,English Only,0
0,5.38,Ontario,,4,Retired,0,,Mandarin,204.5
0,6.084,Ontario,,1,Employed,0,,English Only,15.5
0,4.46,Ontario,,1,Student,1,,English Only,0
0,4.46,Ontario,,8,,0,,English Only,73.5
0,5.81,Ontario,,1,Employed,0,,English Only,18.5
0,5.81,Ontario,,1,Employed,0,,English Only,43
0,5.81,Ontario,,1,Student,1,,English Only,5
0,5.81,Ontario,,1,Employed,0,,English Only,0
0,5.81,Ontario,,2,Retired,0,,English Only,20
0,4.46,Ontario,,2,Student,1,University of Toronto,Mandarin,3.5
0,4.46,Ontario,,1,Unemployed,0,,English Only,0
0,9.58,Ontario,,1,Employed,0,,English Only,2
0,9.58,Ontario,,1,Student,1,University of Toronto,English Only,0
0,9.58,Ontario,,29,,0,,English Only,31.5
0,9.58,Ontario,,1,Student,1,Western University,English Only,7
0,9.58,Ontario,,1,Student,1,York University,English Only,0
0,7.93,Ontario,,1,Retired,0,,English Only,18
0,7.93,Ontario,,1,Student,1,Humber College,English Only,8
0,14.607,Ontario,,1,Unemployed,0,,English Only,0
0,8.36,Ontario,,2,,0,,English Only,0
0,6.78,Ontario,,1,Student,1,,Korean,18.5
0,6.78,Ontario,,1,Employed,0,,English Only,18.75
0,6.78,Ontario,,1,Employed,0,,English Only,17
0,6.78,Ontario,,1,Student,1,Queens University,English Only,0
0,6.78,Ontario,,1,Employed,0,,English Only,0
0,5.25,Ontario,,1,Student,1,George Brown College,English Only,0
0,5.34,Ontario,,1,Student,1,High School,English Only,0
0,5.34,Ontario,,1,Employed,0,,English Only,4
0,5.34,Ontario,,1,Unemployed,0,,English Only,2
0,5.34,Ontario,,1,Employed,0,,English Only,5
0,3.93,Ontario,,1,Employed,0,,English Only,0
0,2.93,Ontario,,1,Student,1,High School,English Only,0
0,2.93,Ontario,,1,Student,1,George Brown College,English Only,4
0,2.93,Ontario,,1,Student,1,,English Only,0
0,2.93,Ontario,,1,Employed,0,,English Only,19
0,2.75,Ontario,,1,Employed,0,,English Only,13
0,2.75,Ontario,,1,Student,1,,English Only,0
0,2.75,Ontario,,1,Unemployed,0,,English Only,18.5
0,2.75,Ontario,,1,Student,1,,English Only,0
0,2.75,Ontario,,1,Employed,0,,English Only,4
0,2.75,Ontario,,1,Student,1,Ryerson University,English Only,0
0,2.75,Ontario,,1,Employed,0,,English Only,0
0,2.75,Ontario,,1,Student,1,University of Toronto,English Only,0
0,2.75,Ontario,,1,Student,1,,Cantonese,14
0,2.02,Ontario,,1,Employed,0,,English Only,0
0,2.02,Ontario,,1,Unemployed,0,,English Only,9
0,2.02,Ontario,,8,Student,1,,Polish,3
0,2.02,Ontario,,1,Student,1,Griggith University,English Only,0
0,2.02,Ontario,,1,Employed,0,,English Only,0
0,2.02,Ontario,,1,Student,1,University of Toronto,English Only,6.5
0,2.02,Ontario,,1,Student,1,High School,English Only,0
0,2.02,Ontario,,1,Student,1,High School,French,0
0,2.02,Ontario,,1,Student,1,High School,French,0
0,2.02,Ontario,,1,Employed,0,,English Only,0
0,2.02,Ontario,,1,Student,1,,English Only,2
0,2.02,Ontario,,1,Student,1,High School,English Only,0
0,2.02,Ontario,,1,Employed,0,,English Only,0
0,2.02,Ontario,,1,Student,1,University of Toronto,Cantonese,81.5
0,1.45,Ontario,,1,Student,1,,Mandarin,6
0,1.45,Ontario,,1,Student,1,George Brown College,English Only,0
0,1.45,Ontario,,1,Student,1,University of Toronto,English Only,0
0,1.45,Ontario,,1,Retired,0,,English Only,0
0,1.45,Ontario,,1,Student,1,Ryerson University,English Only,9.5
0,1.45,Ontario,,1,Retired,0,,English Only,51.25
0,0.84,Ontario,,3,Employed,0,,English Only,119.5
0,2.007,Ontario,,1,Employed,0,,English Only,25.5
0,1.118,Ontario,,1,Employed,0,,English Only,14
0,0.7,Ontario,,4,Employed,0,,English Only,85.75
0,0.7,Ontario,,1,Employed,0,,English Only,0
0,2.317,Ontario,,1,Unemployed,0,Ryerson University,French,2
0,2.317,Ontario,,1,Student,1,University of Toronto,English Only,15
0,2.317,Ontario,,2,Employed,0,,Mandarin,54.5
0,1.39,Ontario,,1,Student,1,University of Toronto,English Only,0
0,1.39,Ontario,,1,Student,1,University of Toronto,English Only,2
0,1.39,Ontario,,1,Student,1,High School,English Only,41
0,1.39,Ontario,,2,Student,1,Western University,English Only,0
0,1.39,Ontario,,2,Student,1,University of Toronto,Mandarin,24
0,0,Ontario,,1,Student,1,,English Only,20.5
0,0.505,Ontario,,1,Employed,0,,Mandarin,0
0,0.505,Ontario,,1,Unemployed,0,,English Only,0
0,0.505,Ontario,,1,Employed,0,,English Only,2
0,0.505,Ontario,,1,Student,1,University of Toronto,Mandarin,2
0,5.628,Ontario,,1,Employed,0,,English Only,0
0,5.628,Ontario,,1,Student,1,University of Toronto,Mandarin,10.5
0,0,Ontario,,1,Student,1,,English Only,0
0,0,Ontario,,8,,0,,English Only,86.5
0,0,Ontario,,1,,0,,English Only,0
0,0,Ontario,,4,Employed,0,,English Only,104
0,0,Ontario,,1,Employed,0,,English Only,0
0,0,Ontario,,2,Student,1,,Spanish,0
0,0,Ontario,,3,Student,1,,Mandarin,6
0,0,Ontario,,9,,0,,English Only,156
0,0,Ontario,,2,Retired,0,,Hindi,61
0,0,Ontario,,1,Employed,0,,English Only,0
0,0,Ontario,,2,Retired,0,,English Only,7
0,0,Ontario,,1,Employed,0,,English Only,5.5
0,0,Ontario,,1,Employed,0,,English Only,0
0,0,Ontario,,2,Employed,0,,Hindi,17
0,0,Ontario,,1,Student,1,Ryerson University,English Only,0
0,0,Ontario,,1,Student,1,Ryerson University,English Only,7
0,0,Ontario,,1,Student,1,,Hindi,4.5
0,10.43,Ontario,,1,Student,1,High School,English Only,0
0,8.29,Ontario,,1,Student,1,High School,English Only,0
0,6.66,Ontario,,2,Unemployed,0,,English Only,0
0,6.66,Ontario,,1,Student,1,Ryerson University,English Only,2
0,6.66,Ontario,,1,Employed,0,,Spanish,0
0,6.66,Ontario,,1,Student,1,George Brown College,English Only,19.5
0,6.66,Ontario,,3,Employed,0,,English Only,32
0,5.077,Ontario,,1,Employed,0,,English Only,0
0,3.98,Ontario,,2,Student,1,University of Toronto,Korean,3
0,3.98,Ontario,,2,Student,1,University of Toronto,Mandarin,19
0,2.65,Ontario,,1,Student,1,University of Toronto,English Only,5.5
0,2.65,Ontario,,1,Student,1,University of Toronto,English Only,0
0,2.65,Ontario,,21,,0,,French,255
0,2.65,Ontario,,1,Employed,0,,English Only,0
0,2.65,Ontario,,1,Student,1,University of Toronto,English Only,6
0,1.8,Ontario,,1,Employed,0,,English Only,10
0,1.8,Ontario,,30,Employed,0,,English Only,74.5
0,1.8,Ontario,,1,Employed,0,,English Only,0
0,2.102,Ontario,,1,Student,1,Emily Carr University,English Only,0
0,2.102,Ontario,,1,Employed,0,,English Only,12
0,2.974,Ontario,,2,Student,1,,English Only,10
0,2.102,Ontario,,1,Student,1,George Brown College,English Only,0
0,0.93,Ontario,,1,Employed,0,,English Only,0
0,0.93,Ontario,,1,Employed,0,,English Only,7
0,0.93,Ontario,,6,Employed,0,,English Only,203
0,0.93,Ontario,,1,Employed,0,,English Only,0
0,0.93,Ontario,,1,Student,1,,English Only,0
0,0.93,Ontario,,1,Employed,0,,English Only,2
0,0.93,Ontario,,1,Employed,0,,English Only,0
0,0.93,Ontario,,1,Employed,0,,English Only,18.5
0,0.93,Ontario,,1,Employed,0,,English Only,0
0,0.93,Ontario,,1,Student,1,Secena College,English Only,11.5
0,0.93,Ontario,,1,Employed,0,,English Only,2
0,0.93,Ontario,,1,Student,1,High School,Arabic,46.5
0,0.93,Ontario,,2,Employed,0,,English Only,83.75
0,0.93,Ontario,,1,,0,,French,127
0,0.93,Ontario,,2,Employed,0,,English Only,0
0,0.93,Ontario,,1,Employed,0,,English Only,4.5
0,0.93,Ontario,,1,Student,1,,English Only,2
0,0.93,Ontario,,1,Student,1,,French,24.5
0,0.93,Ontario,,1,Employed,0,,Spanish,0
0,0.93,Ontario,,1,Employed,0,,English Only,10.5
0,0.93,Ontario,,1,Employed,0,,English Only,63.5
0,0.93,Ontario,,1,Student,1,Queens University,English Only,0
0,0.93,Ontario,,1,Employed,0,,English Only,0
0,0.93,Ontario,,1,Student,1,McMaster University,English Only,63
0,0.93,Ontario,,1,Unemployed,0,,English Only,0
0,0.93,Ontario,,1,Employed,0,,English Only,6.5
0,0.93,Ontario,,1,Student,1,Ryerson University,English Only,0
0,0.93,Ontario,,1,Employed,0,,English Only,0
0,0.93,Ontario,,1,Student,1,,English Only,0
0,0.93,Ontario,,1,Student,1,University of Waterloo,English Only,0
0,0.93,Ontario,,1,Employed,0,,Mandarin,5
0,0.93,Ontario,,1,Employed,0,,English Only,0
0,0.93,Ontario,,1,Student,1,University of Toronto,English Only,9.5
0,0.81,Ontario,,1,Employed,0,,Hindi,54
0,8.622,Ontario,,1,Student,1,,English Only,53
0,10.37,Ontario,,1,Student,1,,English Only,21
0,10.37,Ontario,,1,Employed,0,,English Only,0
0,10.37,Ontario,,2,,0,,English Only,0
0,10.37,Ontario,,2,Student,1,,Cantonese,8
0,9.04,Ontario,,1,Student,1,High School,English Only,0
0,3.253,Ontario,,1,Student,1,High School,English Only,0
0,9.04,Ontario,,1,Employed,0,,English Only,52.5
0,9.04,Ontario,,1,Student,1,High School,English Only,14
0,9.04,Ontario,,1,Student,1,,English Only,0
0,9.04,Ontario,,1,Employed,0,,English Only,6.5
0,6.56,Ontario,,1,Employed,0,,English Only,12.5
0,6.56,Ontario,,1,Student,1,University of Toronto,English Only,0
0,6.56,Ontario,,1,Employed,0,,English Only,0
0,6.56,Ontario,,1,Unemployed,0,,English Only,0
0,6.56,Ontario,,1,Student,1,,English Only,0
0,6.56,Ontario,,1,Employed,0,,English Only,0
0,6.56,Ontario,,1,Student,1,,Spanish,0
0,7.41,Ontario,,1,Student,1,Kaplan School,English Only,0
0,7.41,Ontario,,1,Student,1,George Brown College,English Only,0
0,7.41,Ontario,,1,Student,1,,English Only,0
0,7.41,Ontario,,1,Student,1,High School,English Only,10
0,7.41,Ontario,,1,Student,1,George Brown College,Japanese,19
0,4.51,Ontario,,1,Student,1,York University,English Only,2
0,4.51,Ontario,,1,Employed,0,,English Only,4
0,4.51,Ontario,,2,Student,1,High School,English Only,0
0,4.51,Ontario,,8,,0,,Polish,77
0,4.51,Ontario,,1,Employed,0,,English Only,0
0,4.51,Ontario,,1,Student,1,Humber College,English Only,7.5
0,7.678,Ontario,,1,Student,1,High School,English Only,2
0,5.01,Ontario,,1,Employed,0,,English Only,0
0,5.01,Ontario,,1,Student,1,Western University,French,2
0,5.01,Ontario,,1,Student,1,,English Only,0
0,5.01,Ontario,,1,Student,1,High School,English Only,0
0,5.01,Ontario,,1,Employed,0,,English Only,0
0,5.01,Ontario,,1,Employed,0,,English Only,0
0,5.01,Ontario,,1,Student,1,High School,English Only,0
0,5.01,Ontario,,1,Employed,0,,English Only,0
0,3.1,Ontario,,1,Employed,0,,English Only,27.5
0,3.765,Ontario,,1,Employed,0,,English Only,0
0,3.1,Ontario,,1,Student,1,OCAD,English Only,7
0,3.1,Ontario,,2,Unemployed,0,,French,39
0,3.1,Ontario,,1,Student,1,High School,English Only,0
0,4.58,Ontario,,1,Employed,0,,German,0
0,4.58,Ontario,,1,Employed,0,,English Only,2
0,5.059,Ontario,,1,Student,1,,English Only,0
0,4.58,Ontario,,1,Student,1,,English Only,0
0,4.58,Ontario,,1,Student,1,International Institure of Travel,English Only,0
0,4.58,Ontario,,1,Student,1,Humber College,English Only,0
0,4.58,Ontario,,1,Student,1,High School,English Only,0
0,4.58,Ontario,,2,Student,1,York University,Hindi,72.5
0,4.58,Ontario,,1,Employed,0,,English Only,0
0,4.58,Ontario,,2,Employed,0,,English Only,0
0,4.58,Ontario,,1,Student,1,George Brown College,Vietnamese,0
0,4.58,Ontario,,2,Employed,0,,English Only,40.5
0,4.58,Ontario,,1,Employed,0,,English Only,0
0,4.58,Ontario,,1,Student,1,High School,English Only,41
0,4.58,Ontario,,1,Employed,0,,Spanish,0
0,11.83,Ontario,,1,Student,1,Humber College,English Only,17
0,11.83,Ontario,,1,Employed,0,,English Only,0
0,10.28,Ontario,,1,Student,1,,English Only,0
0,9.44,Ontario,,1,Student,1,,English Only,0
0,9.44,Ontario,,2,Student,1,Ryerson University,English Only,0
0,9.44,Ontario,,1,Student,1,High School,English Only,0
0,9.44,L1X 0C7,,1,Employed,0,,English Only,2
0,9.44,Ontario,,1,Employed,0,,Spanish,0
0,9.44,Ontario,,2,Student,1,Ryerson University,English Only,0
0,7.34,Ontario,,1,Student,1,,English Only,46.5
0,7.34,Ontario,,4,Retired,0,,English Only,376.5
0,7.34,Ontario,,1,Employed,0,,English Only,2
0,7.34,Ontario,,1,Employed,0,,English Only,0
0,7.34,Ontario,,7,Employed,0,,English Only,29
0,7.34,Ontario,,1,Unemployed,0,,English Only,0
0,5.52,Ontario,,1,Student,1,High School,English Only,0
0,8.23,Ontario,,1,Student,1,,French,0
0,8.23,Ontario,,1,Employed,0,,English Only,2
0,8.23,Ontario,,1,Employed,0,,Italian,20
0,10.86,Ontario,,1,Student,1,Humber College,English Only,0
0,13.63,Ontario,,1,Student,1,Humber College,English Only,0
0,13.63,Ontario,,1,Employed,0,,English Only,0
0,13.63,Ontario,,1,Employed,0,,English Only,0
0,13.63,Ontario,,3,Employed,0,,English Only,66.75
0,10.74,Ontario,,1,Student,1,Dalhousie University,English Only,0
0,9.24,Ontario,,1,Student,1,High School,English Only,0
0,9.24,Ontario,,1,Student,1,High School,English Only,0
0,9.24,Ontario,,1,Student,1,,English Only,0
0,11.59,Ontario,,1,Student,1,High School,English Only,21.5
0,11.59,Ontario,,1,Student,1,University of Toronto,Polish,22
0,11.59,Ontario,,1,Student,1,Secena College,English Only,0
0,12.38,Ontario,,1,Student,1,Humber College,Japanese,0
0,12.38,Ontario,,1,Student,1,High School,English Only,0
0,14.16,Ontario,,3,Student,1,Humber College,English Only,3.5
0,14.16,Ontario,,4,Student,1,University of Toronto,Russian,8
0,14.16,Ontario,,1,Student,1,Humber College,English Only,0
0,14.81,Ontario,,1,Unemployed,0,,Mandarin,0
0,14.81,Ontario,,1,Student,1,University of Toronto,English Only,0
0,14.81,Ontario,,33,Employed,0,,Tagalog,178.5
0,14.81,Ontario,,3,Employed,0,,English Only,0
0,16.01,Ontario,,1,Student,1,High School,English Only,0
0,16.01,Ontario,,1,Student,1,High School,English Only,5.5
0,16.01,Ontario,,1,Student,1,High School,English Only,0
0,16.01,Ontario,,1,Student,1,,English Only,0
0,12.9,Ontario,,1,Employed,0,,English Only,32
0,12.9,Ontario,,1,Employed,0,,English Only,0
0,12.9,Ontario,,1,Student,1,High School,English Only,0
0,13.67,Ontario,,2,Student,1,High School,Tagalog,0
0,13.67,Ontario,,2,Student,1,Humber College,Spanish,7
0,15,Ontario,,1,Student,1,High School,English Only,0
0,15,Ontario,,1,Student,1,High School,Tagalog,0
0,20.48,Ontario,,1,Student,1,High School,Spanish,14
0,20.48,Ontario,,1,Student,1,Humber College,Vietnamese,0
0,20.48,Ontario,,1,Employed,0,,English Only,0
0,17.57,Ontario,,1,Employed,0,,English Only,0
0,17.57,Ontario,,1,Employed,0,,English Only,4.5
0,17.57,Ontario,,1,Student,1,Secena College,English Only,0
0,17.57,Ontario,,1,Student,1,High School,English Only,0
0,17.57,Ontario,,1,Student,1,High School,English Only,5.5
0,17.57,Ontario,,1,Student,1,Humber College,English Only,0
,478.57,Quebec,,1,Student,1,University of Toronto,French,19
,346.07,Ontario,,1,Student,1,High School,English Only,0
,46.79,Ontario,,1,Student,1,McMaster University,English Only,0
,37.54,Ontario,,1,Student,1,Centennial College,English Only,0
,37.54,Ontario,,1,Employed,0,,English Only,0
,37.54,Ontario,,1,Student,1,High School,English Only,9
,43.815,Ontario,,1,Student,1,Centennial College,English Only,0
,38,Ontario,,1,Student,1,Ryerson University,English Only,0
,21.88,Ontario,,1,Employed,0,,English Only,0
,24.06,Ontario,,1,Student,1,High School,English Only,0
,24.06,Ontario,,1,Student,1,High School,English Only,0
,29.967,Ontario,,3,Student,1,High School,English Only,3
,19.31,Ontario,,1,Student,1,Wilfred Laurier,English Only,0
,19.31,Ontario,,1,Student,1,High School,English Only,0
,19.31,Ontario,,1,Student,1,,English Only,0
,19.31,Ontario,,1,Employed,0,,English Only,6
,45.61,Ontario,,1,Student,1,George Brown College,English Only,0
,23.23,Ontario,,1,Student,1,,English Only,0
,41.53,Ontario,,1,Student,1,University of Waterloo,English Only,0
,19.78,Ontario,,1,Student,1,High School,English Only,0
,19.78,Ontario,,1,Student,1,McGill University,English Only,2
,19.78,Ontario,,2,Student,1,York University,English Only,24.5
,19.78,Ontario,,1,Student,1,High School,Russian,2
,21.39,Ontario,,1,Student,1,High School,English Only,0
,19.38,Ontario,,1,Student,1,University of Waterloo,English Only,28.5
,17.74,Ontario,,1,Student,1,High School,English Only,0
,22.26,Ontario,,1,Student,1,High School,English Only,121
,19.45,Ontario,,2,Student,1,University of Toronto,English Only,0
,15.96,Ontario,,1,Retired,0,,English Only,0
,24.86,Ontario,,1,Employed,0,,English Only,0
,25.79,Ontario,,6,Employed,0,,Spanish,9.5
,23.8,Ontario,,1,Student,1,High School,English Only,0
,28.47,Ontario,,1,Student,1,High School,English Only,4
,27.9,Ontario,,1,,0,,English Only,17.5
,34.29,Ontario,,1,Employed,0,,English Only,0
,28.46,Ontario,,1,Student,1,University of Toronto,English Only,0
,33.2,Ontario,,1,Student,1,High School,English Only,0
,31.1,Ontario,,1,Student,1,Sheridan College,English Only,7.5
,31.57,Ontario,,1,Student,1,University of Guelph,English Only,0
,44.663,Ontario,,1,Student,1,High School,English Only,2
,46.507,Ontario,,1,Employed,0,,English Only,4
,38.16,Ontario,,1,Employed,0,,English Only,0
,23.4,Ontario,,1,Student,1,,English Only,29
,23.4,Ontario,,1,Student,1,Ryerson University,English Only,2
,23.4,Ontario,,21,,0,,Cantonese,110.5
,24.16,Ontario,,1,Student,1,University of Toronto,English Only,0
,19.8,Ontario,,1,Student,1,University of Toronto,English Only,17
,19.8,Ontario,,1,Student,1,,English Only,0
,19.47,Ontario,,1,Student,1,High School,English Only,0
,19.47,Ontario,,3,Student,1,University of Toronto,English Only,45
,17.85,Ontario,,1,Student,1,High School,English Only,0
,17.85,Ontario,,1,Employed,0,,English Only,0
,17.85,Ontario,,1,Student,1,,English Only,0
,15.83,Ontario,,7,Retired,0,,English Only,1080.5
,14.42,Ontario,,1,Student,1,,English Only,19
,14.42,Ontario,,1,Employed,0,,English Only,0
,14.42,Ontario,,1,Student,1,,English Only,0
,14.42,Ontario,,2,,0,,English Only,0
,10.77,Ontario,,1,Employed,0,,English Only,0
,10.77,Ontario,,2,Employed,0,,English Only,133.5
,10.77,Ontario,,1,Student,1,High School,English Only,0
,10.96,Ontario,,6,Student,1,University of Toronto,English Only,76.5
,15.75,Ontario,,2,Employed,0,,English Only,2
,25.175,Ontario,,1,,0,,English Only,0
,15.75,Ontario,,1,Employed,0,,Spanish,14.5
,13.67,Ontario,,1,Employed,0,,English Only,13
,13.67,Ontario,,1,Student,1,Ryerson University,English Only,17
,13.67,Ontario,,2,Student,1,Lakehead University,French,0
,19.24,Ontario,,1,Employed,0,,English Only,2
,19.24,Ontario,,1,Employed,0,,English Only,0
,16.57,Ontario,,1,Unemployed,0,,Spanish,25
,16.57,Ontario,,1,Student,1,High School,English Only,57.5
,16.57,Ontario,,1,Student,1,High School,English Only,0
,21.5,Ontario,,1,Student,1,High School,English Only,0
,21.5,Ontario,,1,Student,1,High School,English Only,10.5
,21.5,Ontario,,1,Student,1,High School,English Only,14.5
,21.5,Ontario,,1,Student,1,High School,English Only,0
,21.5,Ontario,,1,Student,1,Centennial College,English Only,8
,18.14,Ontario,,1,Student,1,High School,French,0
,18.14,Ontario,,1,Student,1,,English Only,0
,18.14,Ontario,,1,Employed,0,,English Only,0
,18.14,Ontario,,1,Student,1,High School,English Only,2
,18.14,Ontario,,5,,0,,English Only,4
,17.95,Ontario,,1,Student,1,,English Only,18.5
,17.95,Ontario,,1,Student,1,Secena College,English Only,0
,17.95,Ontario,,1,Employed,0,,Mandarin,9
,17.95,Ontario,,1,Retired,0,,English Only,0
,16.42,Ontario,,2,Student,1,,English Only,42
,16.42,Ontario,,1,Student,1,High School,English Only,0
,16.42,Ontario,,1,Student,1,University of Guelph,Spanish,16.5
,16.42,Ontario,,1,Student,1,,English Only,0
,16.42,Ontario,,1,Student,1,Humber College,English Only,7.5
,16.42,Ontario,,1,Student,1,High School,English Only,0
,15.23,Ontario,,1,,0,,English Only,5.5
,12.22,Ontario,,1,Student,1,High School,English Only,0
,12.22,Ontario,,1,Student,1,York University,English Only,65
,16.49,Ontario,,1,Student,1,University of Ottawa,English Only,0
,14.36,Ontario,,1,Student,1,York University,German,19.5
,14.36,Ontario,,2,Student,1,High School,English Only,0
,14.36,Ontario,,2,Employed,0,,English Only,38
,14.36,Ontario,,2,Student,1,High School,English Only,21.5
,14.36,Ontario,,1,Student,1,George Brown College,Italian,6.5
,14.36,Ontario,,2,Student,1,Seneca College,Spanish,7
,14.36,Ontario,,1,Employed,0,,English Only,0
,12.33,Ontario,,1,Student,1,High School,English Only,0
,16.78,Ontario,,1,Student,1,High School,English Only,0
,16.78,Ontario,,1,Student,1,High School,Tagalog,15
,16.78,Ontario,,1,,0,,English Only,39
,16.78,Ontario,,1,Employed,0,,English Only,0
,16.78,Ontario,,3,Student,1,York University,Russian,45
,16.78,Ontario,,2,,0,,English Only,12
,13.51,Ontario,,2,Student,1,Secena College,English Only,0
,13.51,Ontario,,2,Student,1,Secena College,English Only,0
,13.51,Ontario,,1,Student,1,York University,English Only,0
,11.26,Ontario,,1,Student,1,High School,Mandarin,0
,11.26,Ontario,,1,Student,1,High School,English Only,0
,10.21,Ontario,,1,Employed,0,,Russian,27.5
,12.98,Ontario,,1,Student,1,High School,English Only,0
,16.23,Ontario,,1,Student,1,High School,English Only,0
,16.23,Ontario,,3,Student,1,High School,English Only,0
,16.23,Ontario,,1,Student,1,Humber College,Mandarin,10.5
,16.23,Ontario,,1,Student,1,High School,English Only,0
,16.23,Ontario,,1,Student,1,High School,English Only,0
,13.16,Ontario,,1,Student,1,,English Only,0
,14.68,Ontario,,1,Student,1,High School,English Only,0
,14.68,Ontario,,1,Student,1,Seneca College,English Only,0
,16.84,Ontario,,1,Student,1,Queens University,English Only,2
,35.469,Ontario,,1,Student,1,Trebas Institute,English Only,0
,16.84,Ontario,,4,,0,,English Only,45.5
,11.05,Ontario,,2,Student,1,High School,English Only,0
,8.63,Ontario,,1,Student,1,,English Only,0
,7.85,Ontario,,1,Employed,0,,English Only,54.5
,7.85,Ontario,,1,Student,1,High School,English Only,0
,7.85,Ontario,,27,Employed,0,,English Only,568
,7.85,Ontario,,1,Student,1,High School,English Only,0
,7.85,Ontario,,1,Employed,0,,Cantonese,3.5
,7.85,Ontario,,1,Student,1,High School,English Only,0
,7.85,Ontario,,1,Employed,0,,English Only,0
,7.85,Ontario,,2,Unemployed,0,,English Only,0
,7.85,Ontario,,1,Student,1,High School,English Only,0
,8.09,Ontario,,2,Retired,0,,English Only,19.5
,8.09,Ontario,,1,Employed,0,,English Only,15
,7.76,Ontario,,1,Employed,0,,English Only,17.5
,5.38,Ontario,,1,Student,1,High School,English Only,0
,5.81,Ontario,,1,Student,1,University of Toronto,English Only,0
,4.46,Ontario,,2,Student,1,Western University,English Only,0
,7.93,Ontario,,6,Employed,0,,English Only,124
,7.93,Ontario,,1,Employed,0,,English Only,0
,7.93,Ontario,,1,Employed,0,,English Only,2
,8.36,Ontario,,24,,0,,English Only,149.5
,6.78,Ontario,,1,Unemployed,0,,English Only,0
,6.78,Ontario,,1,Employed,0,,English Only,2
,6.78,Ontario,,4,Student,1,,English Only,17
,6.78,Ontario,,1,Employed,0,,English Only,0
,3.93,Ontario,,20,,0,,French,110.3
,3.93,Ontario,,2,Student,1,University of Toronto,Mandarin,0
,2.93,Ontario,,2,,0,,English Only,4
,2.93,Ontario,,1,Student,1,University of Toronto,English Only,6.5
,2.93,Ontario,,1,Employed,0,,English Only,10.5
,2.75,Ontario,,2,Student,1,University of Toronto,Mandarin,131
,2.75,Ontario,,2,Employed,0,,Hindi,22.5
,2.75,Ontario,,1,Retired,0,,English Only,23.5
,2.75,Ontario,,1,Employed,0,,English Only,2
,2.75,Ontario,,16,,0,,English Only,69.5
,2.75,Ontario,,1,Student,1,University of Toronto,English Only,2
,2.02,Ontario,,1,Student,1,Ryerson University,English Only,2
,2.02,Ontario,,1,Student,1,High School,English Only,0
,2.02,Ontario,,1,Student,1,High School,English Only,0
,2.02,Ontario,,1,Student,1,,English Only,0
,2.02,Ontario,,2,Retired,0,,English Only,10
,1.45,Ontario,,1,Student,1,OCAD,English Only,0
,0.84,Ontario,,1,Student,1,High School,English Only,2
,1.118,Ontario,,1,Student,1,,English Only,0
,1.856,Ontario,,1,Employed,0,,English Only,0
,0.7,Ontario,,1,Employed,0,,English Only,6.5
,0.7,Ontario,,1,Employed,0,,English Only,269
,0.7,Ontario,,1,Employed,0,,English Only,0
,0.7,Ontario,,2,Employed,0,,Mandarin,0
,0.7,Ontario,,2,Student,1,High School,French,0
,0.7,Ontario,,1,Employed,0,,Arabic,10
,1.39,Ontario,,1,Student,1,OCAD,Cantonese,20.5
,5.628,Ontario,,2,,0,,English Only,15
,0,Ontario,,2,,0,,English Only,0
,0,Ontario,,2,,0,,English Only,0
,0,Ontario,,7,Retired,0,,English Only,107
,0,Ontario,,9,Retired,0,,English Only,114.75
,0,Ontario,,2,,0,,English Only,0
,0,Ontario,,2,,0,,English Only,0
,0,Ontario,,1,,0,,English Only,0
,0,Ontario,,2,,0,,English Only,0
,0,Ontario,,2,,0,,English Only,0
,0,Ontario,,2,,0,,English Only,0
,0,Ontario,,2,,0,,English Only,0
,0,Ontario,,2,,0,,English Only,0
,0,Ontario,,2,,0,,English Only,0
,0,Ontario,,2,,0,,English Only,0
,0,Ontario,,4,,0,,English Only,0
,0,Ontario,,1,,0,,English Only,0
,0,Ontario,,2,,0,,English Only,0
,0,Ontario,,2,,0,,English Only,0
,0,Ontario,,2,,0,,English Only,0
,0,Ontario,,2,,0,,English Only,0
,0,Ontario,,2,,0,,English Only,0
,0,Ontario,,4,,0,,English Only,0
,0,Ontario,,2,,0,,English Only,0
,0,Ontario,,2,,0,,English Only,0
,0,Ontario,,2,,0,,English Only,0
,0,Ontario,,2,,0,,English Only,0
,0,Ontario,,1,,0,,English Only,0
,0,Ontario,,2,,0,,English Only,0
,0,Ontario,,2,,0,,English Only,0
,0,Ontario,,2,,0,,English Only,0
,0,Ontario,,2,,0,,English Only,0
,0,Ontario,,2,,0,,English Only,0
,0,Ontario,,2,,0,,English Only,0
,0,Ontario,,2,,0,,English Only,0
,0,Ontario,,2,,0,,English Only,0
,0,Ontario,,2,,0,,English Only,0
,0,Ontario,,2,,0,,English Only,0
,0,Ontario,,2,,0,,English Only,0
,0,Ontario,,2,,0,,English Only,0
,0,Ontario,,2,,0,,English Only,0
,0,Ontario,,2,,0,,English Only,0
,0,Ontario,,2,,0,,English Only,0
,0,Ontario,,2,,0,,English Only,0
,0,Ontario,,2,,0,,English Only,0
,0,Ontario,,2,,0,,English Only,0
,0,Ontario,,2,,0,,English Only,0
,0,Ontario,,2,,0,,English Only,0
,0,Ontario,,2,,0,,English Only,0
,0,Ontario,,2,,0,,English Only,0
,0,Ontario,,2,,0,,English Only,0
,0,Ontario,,2,,0,,English Only,0
,0,Ontario,,2,,0,,English Only,0
,0,Ontario,,2,,0,,English Only,0
,0,Ontario,,2,,0,,English Only,0
,0,Ontario,,2,,0,,English Only,0
,0,Ontario,,2,,0,,English Only,0
,0,Ontario,,2,,0,,English Only,0
,0,Ontario,,2,,0,,English Only,0
,0,Ontario,,2,,0,,English Only,0
,0,Ontario,,2,,0,,English Only,0
,0,Ontario,,2,,0,,English Only,0
,0,Ontario,,2,,0,,English Only,0
,0,Ontario,,2,,0,,English Only,0
,0,Ontario,,1,,0,,English Only,0
,0,Ontario,,2,,0,,English Only,0
,0,Ontario,,1,,0,,English Only,0
,0,Ontario,,1,,0,,English Only,2
,0,Ontario,,1,,0,,English Only,4
,0,Ontario,,2,,0,,English Only,4
,0,Ontario,,1,,0,,English Only,6
,0,Ontario,,1,,0,,English Only,6
,0,Ontario,,1,,0,,English Only,7
,0,Ontario,,2,,0,,English Only,8
,0,Ontario,,1,,0,,English Only,8
,0,Ontario,,2,,0,,English Only,8.5
,0,Ontario,,1,,0,,English Only,9
,0,Ontario,,2,,0,,English Only,10
,0,Ontario,,1,,0,,English Only,10
,0,Ontario,,2,,0,,English Only,12
,0,Ontario,,2,,0,,English Only,12
,0,Ontario,,1,,0,,English Only,14.5
,0,Ontario,,1,,0,,English Only,15
,0,Ontario,,1,,0,,English Only,15
,0,Ontario,,2,,0,,English Only,16
,0,Ontario,,1,,0,,English Only,16
,0,Ontario,,1,,0,,English Only,16
,0,Ontario,,2,,0,,English Only,17.5
,0,Ontario,,1,,0,,English Only,18
,0,Ontario,,1,,0,,English Only,18
,0,Ontario,,1,,0,,English Only,20
,0,Ontario,,1,,0,,English Only,21
,0,Ontario,,1,,0,,Spanish,24
,0,Ontario,,1,,0,,English Only,24
,0,Ontario,,1,,0,,English Only,24
,0,Ontario,,1,,0,,English Only,28
,0,Ontario,,1,,0,,English Only,32
,0,Ontario,,1,,0,,English Only,32
,0,Ontario,,1,,0,,English Only,36
,0,Ontario,,1,,0,,English Only,36
,0,Ontario,,2,,0,,English Only,47
,0,Ontario,,1,,0,,English Only,48
,0,Ontario,,1,,0,,English Only,51
,0,Ontario,,1,,0,,English Only,74.5
,0,Ontario,,1,,0,,English Only,88
,0,Ontario,,6,Employed,0,,English Only,163
,0,Ontario,,2,Student,1,,English Only,0
,0,Ontario,,10,Retired,0,,English Only,92.5
,0,Ontario,,1,Employed,0,,English Only,0
,0,Ontario,,3,,0,,English Only,0
,0,Ontario,,1,Employed,0,,English Only,0
,0,Ontario,,1,Employed,0,,English Only,0
,0,Ontario,,1,Student,1,High School,English Only,2
,0,Ontario,,1,Employed,0,,English Only,10.5
,0,Ontario,,2,Employed,0,,English Only,7.5
,0,Ontario,,1,Student,1,Ryerson University,English Only,0
,0,Ontario,,1,Student,1,University of Toronto,English Only,0
,1.118,Ontario,,9,Retired,0,,English Only,231.5
,8.29,Ontario,,2,Student,1,,English Only,0
,6.66,Ontario,,1,Employed,0,,English Only,2
,6.66,Ontario,,2,Unemployed,0,,English Only,23.5
,6.66,Ontario,,1,Student,1,High School,English Only,0
,3.98,Ontario,,1,Student,1,,English Only,0
,3.98,Ontario,,2,Student,1,University of Toronto,English Only,9
,3.98,Ontario,,1,Employed,0,,French,7
,2.65,Ontario,,1,Student,1,University of Toronto,English Only,0
,2.65,Ontario,,1,Student,1,University of Toronto,English Only,3.5
,2.65,Ontario,,1,Student,1,,Cantonese,62
,2.65,Ontario,,1,Student,1,University of Toronto,English Only,0
,0.93,Ontario,,1,Employed,0,,English Only,0
,0.93,Ontario,,1,Employed,0,,English Only,0
,0.93,Ontario,,1,Student,1,University of BC,English Only,0
,0.93,Ontario,,1,Student,1,George Brown College,English Only,0
,0.93,Ontario,,1,Employed,0,,English Only,2
,0.93,Ontario,,1,Employed,0,,English Only,13.5
,0.93,Ontario,,1,Retired,0,,English Only,0
,0.93,Ontario,,1,Student,1,York University,French,6
,0.93,Ontario,,1,Employed,0,,Mandarin,2
,0.93,Ontario,,1,Employed,0,,Mandarin,0
,0.93,Ontario,,1,Student,1,,English Only,10
,0.93,Ontario,,1,Employed,0,,English Only,0
,8.622,Ontario,,1,Student,1,High School,English Only,22.5
,10.37,Ontario,,16,,0,,English Only,39.5
,9.04,Ontario,,1,Student,1,Western University,English Only,0
,9.04,Ontario,,1,Student,1,High School,English Only,17.5
,6.56,Ontario,,1,Student,1,High School,English Only,0
,6.56,Ontario,,13,,0,,Urdu,82.5
,6.56,Ontario,,1,Student,1,High School,English Only,12.5
,6.56,Ontario,,1,Student,1,,English Only,0
,6.56,Ontario,,1,Student,1,High School,English Only,6
,7.41,Ontario,,1,Student,1,High School,English Only,0
,7.41,Ontario,,3,Employed,0,,French,4
,4.51,Ontario,,5,Retired,0,,English Only,51.75
,4.51,Ontario,,1,Employed,0,,English Only,0
,4.51,Ontario,,1,Student,1,Centennial College,English Only,15.5
,4.51,Ontario,,18,,0,,English Only,164.5
,5.01,Ontario,,1,Student,1,High School,English Only,0
,5.01,Ontario,,1,Student,1,High School,English Only,0
,5.01,Ontario,,2,Student,1,,English Only,0
,5.01,Ontario,,1,Employed,0,,English Only,0
,3.765,Ontario,,2,Student,1,,Spanish,17.5
,3.765,Ontario,,1,Employed,0,,English Only,0
,3.1,Ontario,,1,Student,1,High School,English Only,2
,3.1,Ontario,,1,Employed,0,,English Only,0
,3.1,Ontario,,1,Unemployed,0,,English Only,0
,3.1,Ontario,,1,Employed,0,,English Only,0
,4.58,Ontario,,2,Student,1,Humber College,German,68.5
,4.58,Ontario,,2,Student,1,Ryerson University,English Only,0
,5.059,Ontario,,2,Student,1,OCAD,Korean,0
,4.58,Ontario,,4,,0,,Farsi,6.5
,4.58,Ontario,,1,Student,1,,English Only,0
,4.58,Ontario,,1,Employed,0,,English Only,0
,10.28,Ontario,,1,Student,1,High School,English Only,4
,10.28,Ontario,,1,Student,1,High School,English Only,103
,9.44,Ontario,,1,Student,1,,English Only,4
,9.44,Ontario,,2,Student,1,,English Only,0
,9.44,Ontario,,1,Unemployed,0,,English Only,0
,9.44,Ontario,,1,Student,1,,English Only,0
,7.34,Ontario,,1,Student,1,OCAD,English Only,0
,7.34,Ontario,,1,Employed,0,,English Only,0
,7.34,Ontario,,1,Employed,0,,English Only,0
,7.34,Ontario,,1,Employed,0,,English Only,7.5
,7.34,Ontario,,1,Student,1,George Brown College,English Only,2
,5.52,Ontario,,1,Student,1,,English Only,0
,5.52,Ontario,,1,,0,,English Only,45
,5.52,Ontario,,1,Student,1,University of Toronto,Spanish,0
,8.23,Ontario,,1,Employed,0,,English Only,0
,8.23,Ontario,,33,,0,,English Only,227.5
,8.23,Ontario,,1,Student,1,University of Toronto,Ukrainian,21.5
,8.23,Ontario,,2,Student,1,High School,English Only,0
,8.23,Ontario,,2,Student,1,High School,English Only,16.5
,12.603,Ontario,,1,Employed,0,,English Only,0
,10.86,Ontario,,1,,0,,English Only,0
,10.86,Ontario,,1,,0,,English Only,0
,10.86,Ontario,,1,,0,,English Only,0
,10.86,Ontario,,1,,0,,English Only,0
,10.86,Ontario,,1,,0,,English Only,0
,10.86,Ontario,,1,,0,,English Only,0
,10.86,Ontario,,1,,0,,English Only,0
,10.86,Ontario,,1,,0,,English Only,0
,10.86,Ontario,,1,,0,,English Only,0
,10.86,Ontario,,1,,0,,English Only,0
,10.86,Ontario,,1,,0,,English Only,0
,10.86,Ontario,,1,,0,,English Only,0
,10.86,Ontario,,1,,0,,English Only,0
,10.86,Ontario,,1,,0,,English Only,0
,10.86,Ontario,,1,,0,,English Only,0
,10.86,Ontario,,1,,0,,English Only,0
,10.86,Ontario,,1,,0,,English Only,0
,10.86,Ontario,,1,,0,,English Only,0
,10.86,Ontario,,1,,0,,English Only,0
,10.86,Ontario,,1,,0,,English Only,0
,10.86,Ontario,,1,,0,,English Only,0
,10.86,Ontario,,1,Student,1,Humber College,English Only,21
,10.86,Ontario,,1,,0,,English Only,0
,15.017,Ontario,,1,,0,,English Only,0
,15.017,Ontario,,1,,0,,English Only,0
,15.017,Ontario,,1,,0,,English Only,0
,15.017,Ontario,,1,,0,,English Only,7.5
,10.86,Ontario,,2,Student,1,Humber College,Mandarin,0
,10.86,Ontario,,2,Student,1,Humber College,Spanish,3
,9.24,Ontario,,1,Student,1,George Brown College,English Only,0
,9.24,Ontario,,1,Student,1,University of Toronto,English Only,0
,9.24,Ontario,,2,Employed,0,,Cantonese,0
,12.38,Ontario,,1,Student,1,Humber College,English Only,2
,12.38,Ontario,,1,Student,1,University of Toronto,English Only,2
,14.16,Ontario,,1,Student,1,High School,English Only,2
,14.81,Ontario,,2,,0,,Korean,0
,14.81,Ontario,,1,Student,1,High School,English Only,0
,12.9,Ontario,,1,Student,1,,English Only,0
,13.67,Ontario,,1,Student,1,Seneca College,English Only,0
,15,Ontario,,1,Student,1,,English Only,0
,15,Ontario,,1,Student,1,High School,English Only,0
,20.48,Ontario,,1,Employed,0,,Arabic,0
,20.48,Ontario,,1,Employed,0,,English Only,5
,17.57,Ontario,,1,Student,1,,English Only,23
,17.57,Ontario,,1,,0,,English Only,0
,17.57,Ontario,,1,,0,,English Only,0
,17.57,Ontario,,1,,0,,English Only,0
,17.57,Ontario,,1,,0,,English Only,0
,17.57,Ontario,,1,,0,,English Only,0
,17.57,Ontario,,1,,0,,English Only,0
,17.57,Ontario,,1,,0,,English Only,0
,17.57,Ontario,,1,,0,,English Only,0
,17.57,Ontario,,1,,0,,English Only,0
,17.57,Ontario,,1,,0,,English Only,0
,17.57,Ontario,,1,,0,,English Only,0
,17.57,Ontario,,1,,0,,English Only,0
,17.57,Ontario,,1,,0,,English Only,0
,17.57,Ontario,,1,,0,,English Only,0
,17.57,Ontario,,1,,0,,English Only,0
,17.57,Ontario,,1,,0,,English Only,0
,17.57,Ontario,,1,,0,,English Only,0
,17.57,Ontario,,1,,0,,English Only,0
,17.57,Ontario,,1,,0,,English Only,0
,17.57,Ontario,,1,,0,,English Only,0
,17.57,Ontario,,1,,0,,English Only,0
,17.57,Ontario,,1,,0,,English Only,0
,17.57,Ontario,,1,,0,,English Only,0
,17.57,Ontario,,1,,0,,English Only,0
,17.57,Ontario,,1,,0,,English Only,0
,17.57,Ontario,,1,,0,,English Only,0
,17.57,Ontario,,1,,0,,English Only,0
,17.57,Ontario,,1,,0,,English Only,0
,17.57,Ontario,,1,,0,,English Only,0
,17.57,Ontario,,1,,0,,English Only,0
,17.57,Ontario,,1,,0,,English Only,0
,17.57,Ontario,,1,,0,,English Only,0
,17.57,Ontario,,1,,0,,English Only,0
,17.57,Ontario,,1,,0,,English Only,0
,17.57,Ontario,,1,,0,,English Only,0
,17.57,Ontario,,1,,0,,English Only,0
,17.57,Ontario,,1,,0,,English Only,0
,17.57,Ontario,,1,,0,,English Only,0
,17.57,Ontario,,1,,0,,English Only,0
,17.57,Ontario,,1,,0,,English Only,2
,17.57,Ontario,,1,Student,1,High School,English Only,0
,17.57,Ontario,,1,Employed,0,,French,0
,93.28,Ontario,,1,Employed,0,,English Only,13.5
,231.368,Ontario,,1,Student,1,High School,English Only,0
